Workbook

Sheet README
A1: PROJECT 03 — STRATEGIC KEY ACCOUNT MANAGEMENT
A3: Company Context | B3: Future Technology Systems Co. (FutureTEC), Kuwait
A4: Project Type | B4: Strategic Key Account Management Portfolio Case Study
A5: Target Roles | B5: Key Account Executive | Key Account Manager | Account Manager
A6: Portfolio Size | B6: 20 simulated enterprise B2B accounts
A7: Currency | B7: KWD
A8: Important Disclaimer | B8: All client names, financial figures, contacts, performance metrics and account information are simulated for educational and portfolio purposes. No confidential FutureTEC or client information is included.
A11: Workbook Guide
A12: Account Portfolio | B12: Main master dataset containing all 20 enterprise accounts and account-management information.
A13: Lists | B13: Dropdown values used for consistent data entry and future CRM/analysis work.
A14: Future Phases | B14: Account Health Score, Growth Plans, Dashboard and QBR will be added in later project phases.

Sheet Lists
A1: Relationship Stage | B1: Order Frequency | C1: Growth Potential | D1: Account Segment | E1: Primary Solution
A2: Developing | B2: High | C2: High | D2: Strategic | E2: Cybersecurity
A3: Established | B3: Medium | C3: Medium | D3: Growth | E3: Data Security
A4: Strategic | B4: Low | C4: Low | D4: Maintain | E4: Data Management
E5: Network Security
E6: Business Continuity
E7: Cloud Solutions
E8: Digital Transformation
E9: Data Governance
E10: Cloud Infrastructure
E11: Datacenter Modernization
E12: Business Intelligence
E13: AI & Data Innovation
E14: Managed Security Services

Sheet Account Portfolio
A1: Account ID | B1: Account Name | C1: Industry | D1: Location | E1: Decision Maker Role | F1: Relationship Stage | G1: Primary Solution | H1: Secondary Solution | I1: Annual Revenue (KWD) | J1: Sales Target (KWD) | K1: Target Achievement % | L1: Contract Value (KWD) | M1: Renewal Date | N1: Last Meeting | O1: Last Order | P1: Order Frequency | Q1: Revenue Growth % | R1: Customer Satisfaction (/10) | S1: Open Complaints | T1: Growth Potential | U1: Cross-Sell Opportunity | V1: Upsell Opportunity | W1: Account Segment | X1: Health Score | Y1: Account Status
A2: KA001 | B2: Gulf National Bank | C2: Banking | D2: Kuwait City | E2: CIO | F2: Strategic | G2: Cybersecurity | H2: Data Protection | I2: 185000 | J2: 190000 | K2: =I2/J2 | L2: 200000 | M2: 31-Dec-2026 | N2: 25-Aug-2026 | O2: 15-Aug-2026 | P2: High | Q2: 0.12 | R2: 9.2 | S2: 0 | T2: High | U2: Managed Security Services | V2: Advanced Cybersecurity Package | W2: Strategic
A3: KA002 | B3: Kuwait Financial Group | C3: Financial Services | D3: Kuwait City | E3: CISO | F3: Established | G3: Data Security | H3: Managed Security | I3: 145000 | J3: 160000 | K3: =I3/J3 | L3: 155000 | M3: 15-Nov-2026 | N3: 20-Aug-2026 | O3: 10-Aug-2026 | P3: High | Q3: 0.08 | R3: 8.4 | S3: 1 | T3: Medium | U3: Business Continuity | V3: 24/7 Security Monitoring | W3: Maintain
A4: KA003 | B4: Al Noor Healthcare | C4: Healthcare | D4: Kuwait | E4: IT Director | F4: Developing | G4: Data Management | I4: 92000 | J4: 110000 | K4: =I4/J4 | L4: 100000 | M4: 30-Oct-2026 | N4: 05-Aug-2026 | O4: 20-Jul-2026 | P4: Medium | Q4: 0.18 | R4: 7.2 | S4: 2 | T4: High | U4: Cybersecurity | V4: Advanced Data Management | W4: Growth
A5: KA004 | B5: Gulf Telecom Solutions | C5: Telecommunications | D5: Kuwait | E5: CTO | F5: Strategic | G5: Network Security | H5: Cloud Security | I5: 165000 | J5: 170000 | K5: =I5/J5 | L5: 180000 | M5: 31-Jan-2027 | N5: 28-Aug-2026 | O5: 18-Aug-2026 | P5: High | Q5: 0.15 | R5: 9 | S5: 0 | T5: High | U5: Datacenter Modernization | V5: Advanced Network Security | W5: Strategic
A6: KA005 | B6: Kuwait Energy Corporation | C6: Energy | D6: Ahmadi | E6: CIO | F6: Strategic | G6: Business Continuity | H6: Disaster Recovery | I6: 175000 | J6: 180000 | K6: =I6/J6 | L6: 190000 | M6: 31-Dec-2026 | N6: 22-Aug-2026 | O6: 12-Aug-2026 | P6: High | Q6: 0.1 | R6: 8.8 | S6: 1 | T6: High | U6: Cybersecurity | V6: Enterprise DR Solution | W6: Strategic
A7: KA006 | B7: National Logistics Group | C7: Logistics | D7: Kuwait | E7: IT Manager | F7: Established | G7: Cloud Solutions | I7: 78000 | J7: 95000 | K7: =I7/J7 | L7: 85000 | M7: 15-Oct-2026 | N7: 10-Jul-2026 | O7: 05-Jul-2026 | P7: Low | Q7: -0.05 | R7: 6.5 | S7: 3 | T7: Medium | U7: Business Intelligence | V7: Cloud Infrastructure Expansion | W7: Maintain
A8: KA007 | B8: Al Safa Retail Group | C8: Retail | D8: Kuwait City | E8: Head of IT | F8: Developing | G8: Digital Transformation | I8: 68000 | J8: 90000 | K8: =I8/J8 | L8: 75000 | M8: 30-Sep-2026 | N8: 01-Aug-2026 | O8: 15-Jul-2026 | P8: Medium | Q8: 0.22 | R8: 7.5 | S8: 2 | T8: High | U8: Cloud Solutions | V8: Digital Transformation Upgrade | W8: Growth
A9: KA008 | B9: Kuwait Public Services Authority | C9: Government | D9: Kuwait City | E9: IT Director | F9: Strategic | G9: Cybersecurity | H9: Managed Security | I9: 190000 | J9: 185000 | K9: =I9/J9 | L9: 210000 | M9: 31-Mar-2027 | N9: 01-Sep-2026 | O9: 25-Aug-2026 | P9: High | Q9: 0.14 | R9: 9.4 | S9: 0 | T9: Medium | U9: Data Governance | V9: Enterprise Security Expansion | W9: Strategic
A10: KA009 | B10: Gulf Insurance Group | C10: Insurance | D10: Kuwait | E10: CIO | F10: Established | G10: Data Governance | H10: Business Intelligence | I10: 115000 | J10: 125000 | K10: =I10/J10 | L10: 120000 | M10: 30-Nov-2026 | N10: 18-Aug-2026 | O10: 08-Aug-2026 | P10: Medium | Q10: 0.07 | R10: 8.1 | S10: 1 | T10: Medium | U10: Business Intelligence | V10: Advanced Data Governance | W10: Maintain
A11: KA010 | B11: Future Education Network | C11: Education | D11: Kuwait | E11: IT Director | F11: Developing | G11: Cloud Infrastructure | I11: 62000 | J11: 80000 | K11: =I11/J11 | L11: 70000 | M11: 31-Oct-2026 | N11: 05-Aug-2026 | O11: 10-Jul-2026 | P11: Low | Q11: 0.05 | R11: 7 | S11: 2 | T11: High | U11: AI & Data Innovation | V11: Cloud Capacity Expansion | W11: Growth
A12: KA011 | B12: Middle East Manufacturing | C12: Manufacturing | D12: Shuwaikh | E12: Operations Director | F12: Established | G12: Datacenter Modernization | H12: Business Continuity | I12: 125000 | J12: 130000 | K12: =I12/J12 | L12: 140000 | M12: 31-Jan-2027 | N12: 25-Aug-2026 | O12: 20-Aug-2026 | P12: Medium | Q12: 0.09 | R12: 8.6 | S12: 1 | T12: Medium | U12: Cloud Solutions | V12: Infrastructure Modernization Upgrade | W12: Maintain
A13: KA012 | B13: Kuwait Aviation Services | C13: Aviation | D13: Kuwait | E13: CIO | F13: Strategic | G13: Business Continuity | H13: Cybersecurity | I13: 155000 | J13: 165000 | K13: =I13/J13 | L13: 175000 | M13: 31-Dec-2026 | N13: 30-Aug-2026 | O13: 18-Aug-2026 | P13: High | Q13: 0.11 | R13: 8.9 | S13: 0 | T13: High | U13: Cybersecurity | V13: Advanced Business Continuity | W13: Strategic
A14: KA013 | B14: Gulf Hospitality Group | C14: Hospitality | D14: Kuwait City | E14: IT Manager | F14: Established | G14: Cloud Solutions | I14: 72000 | J14: 75000 | K14: =I14/J14 | L14: 80000 | M14: 30-Sep-2026 | N14: 15-Jul-2026 | O14: 01-Jul-2026 | P14: Low | Q14: -0.03 | R14: 6.8 | S14: 3 | T14: Low | U14: Business Intelligence | V14: Cloud Upgrade | W14: Maintain
A15: KA014 | B15: National Oil Services | C15: Oil & Gas | D15: Ahmadi | E15: CISO | F15: Strategic | G15: Cybersecurity | H15: Managed Security | I15: 180000 | J15: 190000 | K15: =I15/J15 | L15: 200000 | M15: 28-Feb-2027 | N15: 28-Aug-2026 | O15: 22-Aug-2026 | P15: High | Q15: 0.16 | R15: 9.3 | S15: 0 | T15: High | U15: Business Continuity | V15: Advanced Managed Security | W15: Strategic
A16: KA015 | B16: Smart City Development Co. | C16: Real Estate | D16: Kuwait City | E16: CTO | F16: Developing | G16: Digital Transformation | H16: AI & Data Innovation | I16: 98000 | J16: 115000 | K16: =I16/J16 | L16: 110000 | M16: 30-Nov-2026 | N16: 02-Sep-2026 | O16: 25-Aug-2026 | P16: High | Q16: 0.25 | R16: 8 | S16: 1 | T16: High | U16: Business Intelligence | V16: AI Platform Expansion | W16: Growth
A17: KA016 | B17: Regional Investment Group | C17: Investment | D17: Kuwait City | E17: CIO | F17: Established | G17: Business Intelligence | H17: Data Governance | I17: 105000 | J17: 110000 | K17: =I17/J17 | L17: 115000 | M17: 31-Dec-2026 | N17: 15-Aug-2026 | O17: 05-Aug-2026 | P17: Medium | Q17: 0.06 | R17: 8.2 | S17: 1 | T17: Medium | U17: Cybersecurity | V17: Advanced BI Analytics | W17: Maintain
A18: KA017 | B18: Kuwait Healthcare Network | C18: Healthcare | D18: Kuwait | E18: CIO | F18: Developing | G18: AI & Data Innovation | H18: Cloud Solutions | I18: 88000 | J18: 105000 | K18: =I18/J18 | L18: 100000 | M18: 31-Oct-2026 | N18: 22-Aug-2026 | O18: 15-Aug-2026 | P18: Medium | Q18: 0.2 | R18: 7.8 | S18: 2 | T18: High | U18: Data Governance | V18: AI Solution Expansion | W18: Growth
A19: KA018 | B19: Gulf Trading Corporation | C19: Trading | D19: Shuwaikh | E19: IT Director | F19: Established | G19: Managed Security Services | H19: Cybersecurity | I19: 118000 | J19: 120000 | K19: =I19/J19 | L19: 125000 | M19: 31-Jan-2027 | N19: 29-Aug-2026 | O19: 20-Aug-2026 | P19: High | Q19: 0.1 | R19: 8.7 | S19: 0 | T19: Medium | U19: Business Continuity | V19: Advanced Managed Security | W19: Maintain
A20: KA019 | B20: Al Aman Insurance | C20: Insurance | D20: Kuwait | E20: IT Manager | F20: Established | G20: Business Continuity | I20: 82000 | J20: 85000 | K20: =I20/J20 | L20: 90000 | M20: 30-Sep-2026 | N20: 10-Jul-2026 | O20: 01-Jul-2026 | P20: Low | Q20: 0.02 | R20: 7.1 | S20: 2 | T20: Low | U20: Cybersecurity | V20: Business Continuity Upgrade | W20: Maintain
A21: KA020 | B21: Kuwait Industrial Group | C21: Manufacturing | D21: Shuaiba | E21: CIO | F21: Established | G21: Datacenter Modernization | H21: Cloud Solutions | I21: 135000 | J21: 145000 | K21: =I21/J21 | L21: 150000 | M21: 31-Mar-2027 | N21: 01-Sep-2026 | O21: 24-Aug-2026 | P21: Medium | Q21: 0.08 | R21: 8.5 | S21: 1 | T21: Medium | U21: Business Continuity | V21: Datacenter Expansion | W21: Maintain

Sheet Portfolio Summary
A1: FUTURETEC — KEY ACCOUNT PORTFOLIO SUMMARY
A3: Total Accounts | B3: =COUNTA('Account Portfolio'!A2:A21) | D3: Account Segment | E3: Count
A4: Total Portfolio Revenue (KWD) | B4: =SUM('Account Portfolio'!I2:I21) | D4: Strategic | E4: =COUNTIF('Account Portfolio'!W2:W21,D4)
A5: Total Sales Target (KWD) | B5: =SUM('Account Portfolio'!J2:J21) | D5: Growth | E5: =COUNTIF('Account Portfolio'!W2:W21,D5)
A6: Overall Target Achievement | B6: =B4/B5 | D6: Maintain | E6: =COUNTIF('Account Portfolio'!W2:W21,D6)
A7: Total Contract Value (KWD) | B7: =SUM('Account Portfolio'!L2:L21)
A8: Strategic Accounts | B8: =COUNTIF('Account Portfolio'!W2:W21,"Strategic")
A9: Growth Accounts | B9: =COUNTIF('Account Portfolio'!W2:W21,"Growth") | D9: Note
A10: Maintain Accounts | B10: =COUNTIF('Account Portfolio'!W2:W21,"Maintain") | D10: Health Score and Account Status columns are intentionally left blank. They will be built in Phase 2 using scoring rules and Excel formulas.
A11: High Growth Potential | B11: =COUNTIF('Account Portfolio'!T2:T21,"High")
A15: Portfolio Disclaimer: This workbook is an independent educational portfolio case study inspired by FutureTEC's publicly available business context. All client names and business figures are simulated.
